g,imp_sumup_norm,I,LLR,n_cells_by_counts_norm
1500015O10RIK,0.15981853,0.4890815942627946,9610.082143239231,0.026111063962205437
HPCA,0.85210484,0.4364905099945689,9292.032953596034,0.4176355766782653
NRGN,0.8315644,0.4290003267313385,7688.491507335493,0.377210104953464
PLP1,0.4912475,0.4250601466522353,3780.746142873206,0.5477948456816317
CCDC153,0.39211446,0.4208237285830791,5986.846006886968,0.023480155025601857
TTR,1.5979209,0.3861609297230632,10171.3698411168,0.34320631418144787
TAC2,0.3980739,0.3821439120252242,6540.67906437505,0.040425471724801265
PCP4,1.0069218,0.3684336273825156,5480.306669766083,0.5594500551642196
MBP,0.59835064,0.3617287640323469,4159.354115412098,0.589974256697502
KCNJ13,0.0106189465,0.3554265052534502,5780.496216823951,0.008486803021301876
NWD2,0.17818485,0.341689224079803,5707.433814162276,0.0559563212537837
SST,0.89520127,0.3386234879537165,3521.290359017836,0.07844634926023367
C1QL2,0.22288649,0.335183412274275,5318.1538232339335,0.031627485926051656
FOLR1,0.01295936,0.3286416808912013,5288.999787170567,0.011344026705140174
IGF2,0.13671409,0.3241440688121746,5026.465807342098,0.02452686073156242
H2-AB1,0.047434926,0.321912784431307,2579.343488725499,0.0023480155025601855
GM5741,0.25437707,0.321396695719189,6115.001288782791,0.034909049760955047
PKLR,0.0017698029,0.3177631094507028,1058.5346570827096,8.486803021301876e-05
H2-AA,0.008022605,0.3115996125013826,2451.78135119364,0.0018670966646864126
ENPP2,0.37486872,0.3054825586883027,5863.697643151711,0.12303035446547286
CALB2,0.9536759,0.3039960924847367,4676.630484989604,0.10795213443095986
TMEM212,0.024557376,0.3026909026264116,3347.3935487445638,0.013324280743443944
DDN,0.91707015,0.2993598071070606,4575.789540056474,0.25474553735607797
KCNE2,0.0030376604,0.2961029838059796,4903.114975421282,0.007581544032363009
SOSTDC1,0.009385496,0.2943331618405857,4314.758752249585,0.012079549633653004
MAL,0.35486186,0.293689036191321,2063.2886333152564,0.1963846219129254
MOBP,0.55362684,0.2928116833147818,2956.728328132529,0.3340122775750375
GNG8,0.3193026,0.2892318149177961,4887.518164224133,0.03663469970861976
WIPF3,0.48825026,0.289051789580715,5238.234030610802,0.14003224985148094
PTGDS,0.6496323,0.2884972447369692,2479.97647996476,0.4546380378511415
PPP3CA,0.5928791,0.2878926964429289,5021.779445755856,0.45183739285411184
CALML4,0.039685223,0.2872314435051694,4454.620926798456,0.01584203230643017
PRKCD,0.39946046,0.281473124863711,3495.7086584157405,0.10155874282157912
GPR151,0.19479914,0.2719947867521743,3872.975006116714,0.025601855780927326
NNAT,0.7892412,0.2674784961574857,4396.550423345467,0.1394098842965855
MEG3,0.5944248,0.264279762695797,2411.8252417846816,0.5350646411496789
RARRES2,0.075173974,0.2618203296897011,3248.4843935984354,0.027497241789018075
RSPH1,0.026208466,0.260947090360456,3364.1475618470904,0.019208464171546577
CNP,0.36912608,0.2595711756526291,1956.6673382137303,0.23641404283006592
NPY,0.69002813,0.2577897611111761,2236.970084699082,0.06636679962658067
ZIC1,0.3758986,0.2503926128762682,4158.953130101858,0.1295651927918753
POU4F1,0.015907656,0.2503036191529093,3915.930222544172,0.025036068912840534
F5,0.0032289233,0.2494604879116237,2810.9734921023046,0.004696031005120371
CAMK2A,0.61907244,0.2462179172819624,3537.2233951352173,0.44561373730515713
NEUROD6,0.20582661,0.2438576978273268,4024.5934816165054,0.09055418823729101
SCUBE1,0.07649313,0.2426017692797681,3970.0318558130657,0.038416928343093154
PTK2B,0.38159722,0.2396155174407739,4159.905571576404,0.17842088885116977
CLDN11,0.23983723,0.2392664224841131,1615.3636794161685,0.13957962035701152
SNCG,0.32098514,0.2362843945750606,3774.2557001935375,0.03753995869755863
APOD,0.48047376,0.2358282958605027,1499.740655934169,0.20478655690401426
KIF5A,0.7331266,0.2350063289839058,2316.489988912501,0.6250247531754788
CLIC6,0.0031885807,0.234386153709357,3639.339163524586,0.006987467820871877
SNAP25,0.52011156,0.2343147587280793,2822.7830855895736,0.6012334153724292
CRYM,0.68819976,0.23407648859277,3869.701975145399,0.09202523409431668
TNNT1,0.6266124,0.2330848206000087,3300.3320466652003,0.07742793289767745
NECAB2,0.45130605,0.2291855778814959,4332.527321379366,0.10993238846926363
CPNE6,0.3721868,0.2274934925484353,3841.9319740388746,0.11745735381481796
CD74,0.008233155,0.219388674144,1395.1253739857784,0.0017822286344733938
SPINK8,0.26125276,0.2185406482885624,3464.451988849758,0.02517751562986223
ATP2B1,0.4206678,0.218025715934313,2842.794664616951,0.28807038388639
SYT9,0.14230147,0.216390923781666,3802.3375094021903,0.047978726413759935
FIBCD1,0.1571579,0.2148169940632501,3052.7373776963577,0.033579450620951086
MALAT1,0.47339457,0.2144801598915645,1614.450978501358,0.8063594443972956
WFS1,0.19504999,0.2142235633563471,3316.801883694452,0.041755070864805226
CHN1,0.44095957,0.2131453255957538,3442.2245270581698,0.339387252821862
MAG,0.26146272,0.2127979773314453,1283.1581892214854,0.1333559648080568
LRRC55,0.07130226,0.2124902486033476,3637.860393443592,0.030213018755834677
TAC1,0.19814369,0.2122757553517607,2818.1799881812804,0.01977425103963337
MT-RNR2,0.44496176,0.2099364604345173,515.2418551161609,0.9797731194658972
KL,0.007892559,0.2082837445776731,3214.055765146128,0.009448640697049421
GRIA1,0.6338969,0.208190646529341,3566.493572915904,0.24888964327137966
ACTA2,0.11132241,0.2070425978158974,1346.1717179898403,0.006987467820871877
SPARC,0.6875403,0.2056106911871326,2669.645308101361,0.2674191632012221
2010300C02RIK,0.294265,0.2054583352880442,3422.813930575336,0.10583043367563438
CPLX2,0.5586428,0.205418826129523,3375.73356452155,0.24549492206285892
GRIA2,0.3595018,0.2043989942210266,2885.6915169258064,0.256329740586721
VIP,0.20468928,0.2028166038483016,1556.810611111625,0.010071006251944892
CHGB,0.44513813,0.2018202793265582,2916.6162748890056,0.2702480975416561
ATP1B1,0.45088306,0.2000420617998337,2172.9393361893453,0.48329514271973745
AK7,0.020716965,0.1997014082220457,2063.656672172237,0.011174290644714136
SNHG11,0.4804297,0.1984668723581295,1811.564204160488,0.4164191349118787
SNCA,0.5610393,0.1979818920105567,3104.900705332584,0.22173187360321367
H2-EB1,0.02198168,0.1978270515260346,945.5749736668658,0.002376304845964525
MEF2C,0.6076429,0.194890411000317,2309.4679187772344,0.19522475883334747
SYNPR,0.24579777,0.1937463500177412,2760.0306006406136,0.060765509632521426
PCP4L1,0.3847373,0.193582990373895,2660.6585713332897,0.1923958244929135
OLFM1,0.5313455,0.1930357376016827,3318.7399341840137,0.4691504710175677
TRF,0.25501212,0.1919607687914436,1124.5362077700447,0.13839146793402926
MYOC,0.20605518,0.1910460221109804,1278.1345163137958,0.008373645647684518
RBP1,0.081948504,0.1887588759258019,3348.028146412842,0.03663469970861976
2410004P03RIK,0.020970553,0.1886754492686911,2260.004299770091,0.009392062010240742
SYT6,0.0820108,0.1881301082222552,2727.077231114225,0.018784124020481484
CALM2,0.36656794,0.1869798354598645,2800.460815257109,0.6231576565107924
LAMP5,0.56009215,0.186175020858868,1843.15148481906,0.07162861749978783
1700012B09RIK,0.005100095,0.185659915136585,1782.8148438995486,0.007015757164276217
MT-ND1,0.38383162,0.1850995310598419,1714.01825167302,0.9372542363291748
GAD1,0.5650581,0.184619792636162,1234.001549110595,0.07349571416447424
CHRNA3,0.023692403,0.1832840517409083,2662.330771513749,0.008967721859175649
CAMK2B,0.4344405,0.1825469509860793,2990.2817506309366,0.3120031684064613
DRC7,0.006496816,0.1816870920220387,2994.805062016854,0.009052589889388667
