g,imp_sumup_norm,I,LLR,n_cells_by_counts_norm
GM13872,0.0017846745,-5.889400911851384e-05,12139.966741860204,5.657868680867917e-05
TTR,1.5979209,0.3861609297230632,10171.3698411168,0.34320631418144787
GM26724,0.0019424271,-9.891054375034308e-05,10064.83366610334,0.00011315737361735834
1500015O10RIK,0.15981853,0.4890815942627946,9610.082143239231,0.026111063962205437
HPCA,0.85210484,0.4364905099945689,9292.032953596034,0.4176355766782653
NRGN,0.8315644,0.4290003267313385,7688.491507335493,0.377210104953464
TAC2,0.3980739,0.3821439120252242,6540.67906437505,0.040425471724801265
2010005H15RIK,0.0017621455,-5.494260442587347e-05,6529.248468059086,5.657868680867917e-05
GM5741,0.25437707,0.321396695719189,6115.001288782791,0.034909049760955047
CCDC153,0.39211446,0.4208237285830791,5986.846006886968,0.023480155025601857
ENPP2,0.37486872,0.3054825586883027,5863.697643151711,0.12303035446547286
PLATR7,0.0016890382,-8.48618172635269e-05,5803.480639941074,8.486803021301876e-05
KCNJ13,0.0106189465,0.3554265052534502,5780.496216823951,0.008486803021301876
NWD2,0.17818485,0.341689224079803,5707.433814162276,0.0559563212537837
PCP4,1.0069218,0.3684336273825156,5480.306669766083,0.5594500551642196
C1QL2,0.22288649,0.335183412274275,5318.1538232339335,0.031627485926051656
FOLR1,0.01295936,0.3286416808912013,5288.999787170567,0.011344026705140174
ASCL3,0.001791337,-0.000112781092081,5240.024118770045,0.00011315737361735834
WIPF3,0.48825026,0.289051789580715,5238.234030610802,0.14003224985148094
IGF2,0.13671409,0.3241440688121746,5026.465807342098,0.02452686073156242
PPP3CA,0.5928791,0.2878926964429289,5021.779445755856,0.45183739285411184
KCNE2,0.0030376604,0.2961029838059796,4903.114975421282,0.007581544032363009
GNG8,0.3193026,0.2892318149177961,4887.518164224133,0.03663469970861976
CALB2,0.9536759,0.3039960924847367,4676.630484989604,0.10795213443095986
DDN,0.91707015,0.2993598071070606,4575.789540056474,0.25474553735607797
1700123L14RIK,0.0019879646,-0.0001109921808597,4488.499357595574,0.00011315737361735834
CALML4,0.039685223,0.2872314435051694,4454.620926798456,0.01584203230643017
NNAT,0.7892412,0.2674784961574857,4396.550423345467,0.1394098842965855
NECAB2,0.45130605,0.2291855778814959,4332.527321379366,0.10993238846926363
SOSTDC1,0.009385496,0.2943331618405857,4314.758752249585,0.012079549633653004
FAM83E,0.0017115545,-5.496610414719147e-05,4277.908513134971,5.657868680867917e-05
PTK2B,0.38159722,0.2396155174407739,4159.905571576404,0.17842088885116977
MBP,0.59835064,0.3617287640323469,4159.354115412098,0.589974256697502
ZIC1,0.3758986,0.2503926128762682,4158.953130101858,0.1295651927918753
NEUROD6,0.20582661,0.2438576978273268,4024.5934816165054,0.09055418823729101
SCUBE1,0.07649313,0.2426017692797681,3970.0318558130657,0.038416928343093154
POU4F1,0.015907656,0.2503036191529093,3915.930222544172,0.025036068912840534
GPR151,0.19479914,0.2719947867521743,3872.975006116714,0.025601855780927326
CRYM,0.68819976,0.23407648859277,3869.701975145399,0.09202523409431668
CPNE6,0.3721868,0.2274934925484353,3841.9319740388746,0.11745735381481796
SYT9,0.14230147,0.216390923781666,3802.3375094021903,0.047978726413759935
PLP1,0.4912475,0.4250601466522353,3780.746142873206,0.5477948456816317
SNCG,0.32098514,0.2362843945750606,3774.2557001935375,0.03753995869755863
GM20634,0.0017569358,-7.900153840306235e-05,3739.645459656153,8.486803021301876e-05
CLIC6,0.0031885807,0.234386153709357,3639.339163524586,0.006987467820871877
LRRC55,0.07130226,0.2124902486033476,3637.860393443592,0.030213018755834677
GRIA1,0.6338969,0.208190646529341,3566.493572915904,0.24888964327137966
CAMK2A,0.61907244,0.2462179172819624,3537.2233951352173,0.44561373730515713
SST,0.89520127,0.3386234879537165,3521.290359017836,0.07844634926023367
PRKCD,0.39946046,0.281473124863711,3495.7086584157405,0.10155874282157912
SPINK8,0.26125276,0.2185406482885624,3464.451988849758,0.02517751562986223
CHN1,0.44095957,0.2131453255957538,3442.2245270581698,0.339387252821862
2010300C02RIK,0.294265,0.2054583352880442,3422.813930575336,0.10583043367563438
CPLX2,0.5586428,0.205418826129523,3375.73356452155,0.24549492206285892
RSPH1,0.026208466,0.260947090360456,3364.1475618470904,0.019208464171546577
RBP1,0.081948504,0.1887588759258019,3348.028146412842,0.03663469970861976
TMEM212,0.024557376,0.3026909026264116,3347.3935487445638,0.013324280743443944
OLFM1,0.5313455,0.1930357376016827,3318.7399341840137,0.4691504710175677
WFS1,0.19504999,0.2142235633563471,3316.801883694452,0.041755070864805226
TNNT1,0.6266124,0.2330848206000087,3300.3320466652003,0.07742793289767745
RBP2,0.0017614231,-0.0001124924129171,3294.52416824938,0.00014144671702169792
RARRES2,0.075173974,0.2618203296897011,3248.4843935984354,0.027497241789018075
KL,0.007892559,0.2082837445776731,3214.055765146128,0.009448640697049421
SNCA,0.5610393,0.1979818920105567,3104.900705332584,0.22173187360321367
TMSB4X,0.47000486,0.1631430486323491,3095.2978072172045,0.6155195337916207
NCDN,0.45744133,0.1790935939997342,3078.5459105453265,0.45526040340603696
FIBCD1,0.1571579,0.2148169940632501,3052.7373776963577,0.033579450620951086
DRC7,0.006496816,0.1816870920220387,2994.805062016854,0.009052589889388667
CAMK2B,0.4344405,0.1825469509860793,2990.2817506309366,0.3120031684064613
MOBP,0.55362684,0.2928116833147818,2956.728328132529,0.3340122775750375
CHGB,0.44513813,0.2018202793265582,2916.6162748890056,0.2702480975416561
GRIA2,0.3595018,0.2043989942210266,2885.6915169258064,0.256329740586721
ATP2B1,0.4206678,0.218025715934313,2842.794664616951,0.28807038388639
SNAP25,0.52011156,0.2343147587280793,2822.7830855895736,0.6012334153724292
TAC1,0.19814369,0.2122757553517607,2818.1799881812804,0.01977425103963337
F5,0.0032289233,0.2494604879116237,2810.9734921023046,0.004696031005120371
CALM2,0.36656794,0.1869798354598645,2800.460815257109,0.6231576565107924
ITPKA,0.27589253,0.1785359703372585,2781.2172567703383,0.09906928060199723
SYNPR,0.24579777,0.1937463500177412,2760.0306006406136,0.060765509632521426
FAM131A,0.25981945,0.1793780008330429,2740.324305413873,0.1555065206936547
CAMK2N1,0.7008806,0.1803100724403431,2738.742677582959,0.5676256754080737
GFRA1,0.09578253,0.1597585121953507,2733.0123635553355,0.038501796373306175
SYT6,0.0820108,0.1881301082222552,2727.077231114225,0.018784124020481484
COL9A3,0.114959754,0.1487822913356092,2682.425164901797,0.03482418173074203
HS3ST4,0.5630912,0.1736950408332883,2679.4222151073227,0.09114826444878214
SPARC,0.6875403,0.2056106911871326,2669.645308101361,0.2674191632012221
CHRNA3,0.023692403,0.1832840517409083,2662.330771513749,0.008967721859175649
PCP4L1,0.3847373,0.193582990373895,2660.6585713332897,0.1923958244929135
DKK3,0.4457198,0.1795275503869516,2628.5243425370863,0.13428951314040002
H2-AB1,0.047434926,0.321912784431307,2579.343488725499,0.0023480155025601855
KCNIP1,0.088641495,0.158372817407526,2526.968268174205,0.03632351693117203
ENC1,0.30475175,0.1759406450477595,2508.0271846277465,0.18554980338906335
MSX1,0.0053078416,0.1424229126231897,2503.144148757019,0.010438767716201306
GABRA5,0.18938345,0.1626254673905584,2494.7595152220383,0.06998783558233614
PTGDS,0.6496323,0.2884972447369692,2479.97647996476,0.4546380378511415
GM15640,0.0016896718,-0.0001086331501828,2475.5551323170657,0.00011315737361735834
RTN1,0.37336802,0.1767674234644337,2472.141873389577,0.3610286005261818
RBFOX1,0.49439555,0.1695132728152364,2470.635449132831,0.2361877280828312
H2-AA,0.008022605,0.3115996125013826,2451.78135119364,0.0018670966646864126
PPP3R1,0.3832659,0.156861688120992,2434.588315291956,0.27381255481060285
